{
  "timestamp": "2026-03-22T00:02:05.569964",
  "test_set_size": 4128,
  "train_set_size": 16512,
  "models": {
    "Single Linear": {
      "r2": 0.45885918903846656,
      "rmse": 84209.01241414454,
      "mae": 62990.86530093759
    },
    "Multi Linear": {
      "r2": 0.6302508322913283,
      "rmse": 69607.65971231497,
      "mae": 50398.45423987788
    },
    "Baseline DNN": {
      "r2": 0.6354223973687367,
      "rmse": 69119.15535895606,
      "mae": 48930.975866983106
    },
    "Tuned DNN": {
      "r2": 0.768655959491579,
      "rmse": 55059.54120266179,
      "mae": 37601.77211649104
    }
  },
  "best_model": {
    "name": "Tuned DNN",
    "r2": 0.768655959491579
  }
}