{
  "timestamp": "2026-03-21T20:47:02.506601",
  "test_set_size": 4128,
  "train_set_size": 16512,
  "models": {
    "Single Linear": {
      "r2": 0.45885918903846656,
      "rmse": 84209.01241414454,
      "mae": 62990.86530093759
    },
    "Multi Linear": {
      "r2": 0.6302508322913283,
      "rmse": 69607.65971231497,
      "mae": 50398.45423987788
    },
    "Baseline DNN": {
      "r2": 0.6361602304471861,
      "rmse": 69049.17817491438,
      "mae": 48881.235873436744
    },
    "Tuned DNN": {
      "r2": 0.7164904892910133,
      "rmse": 60951.89974477749,
      "mae": 41580.266664238865
    }
  },
  "best_model": {
    "name": "Tuned DNN",
    "r2": 0.7164904892910133
  }
}