{
  "timestamp": "2026-03-22T08:11:33.756945",
  "test_set_size": 4128,
  "train_set_size": 16512,
  "models": {
    "Single Linear": {
      "r2": 0.45885918903846656,
      "rmse": 84209.01241414454,
      "mae": 62990.86530093759
    },
    "Multi Linear": {
      "r2": 0.6302508322913283,
      "rmse": 69607.65971231497,
      "mae": 50398.45423987788
    },
    "Baseline DNN": {
      "r2": 0.6324497417466048,
      "rmse": 69400.3716394956,
      "mae": 49357.35032192496
    },
    "Tuned DNN": {
      "r2": 0.7574233903708759,
      "rmse": 56380.36601240205,
      "mae": 37664.313841827156
    }
  },
  "best_model": {
    "name": "Tuned DNN",
    "r2": 0.7574233903708759
  }
}